data,pre_label,label,location
1650862516657,0,0,
1650862577100,0,0,
1650862636526,0,0,
1650862696932,0,0,
1650862756266,0,0,
1650862817600,0,0,
1650862877095,3,2,
1650862936513,1,1,
1650862996853,0,0,
1650863056251,0,0,
1650863116589,0,0,
1650863177166,2,1,
1650863236506,0,0,
1650863296849,0,0,
1650863356259,1,1,
1650863416643,1,2,
1650863477108,2,2,
1650863536444,0,0,
1650863596771,0,0,
1650863656070,1,1,
1650863718597,1,1,
1650863776956,2,1,
1650863836338,1,1,
1650863896730,0,1,
1650863956990,1,1,
1650864016371,1,1,
1650864076667,1,1,
1650864137022,4,5,
1650864196325,1,1,
1650864256610,1,2,
1650864316972,2,3,
1650864376351,0,0,
1650864436785,0,0,
1650864496028,0,0,
1650864556355,0,0,
1650864616630,0,0,
1650864677122,0,0,
1650864736638,0,0,
1650864796983,0,0,
1650864856207,0,1,
1650864916668,0,1,
1650864977037,0,2,
1650865036444,0,2,
1650865096800,0,2,
1650865156102,1,3,
1650865216453,0,0,
1650865276773,0,1,
1650865336183,1,1,
1650865396587,1,1,
1650865457116,0,0,
1650865516402,0,0,
1650865576884,1,1,
1650865636274,1,1,
1650865696625,4,5,
1650865756938,1,1,
1650865816328,0,0,
1650865876661,0,0,
1650865936029,0,0,
1650865996410,0,0,
1650866056727,0,0,
1650866116074,0,0,
1650866176601,0,0,
1650866236890,0,0,
1650866296276,1,1,
1650866356605,1,1,
1650866417996,2,2,
1650866476330,2,2,
1650866536711,2,2,
1650866596165,4,3,
1650866656524,0,0,
1650866716892,1,3,
1650866776251,1,4,
1650866836629,2,3,
1650866896013,0,6,
1650866956368,5,6,
1650867016762,0,7,
1650867076183,1,6,
1650867136485,3,6,
1650867197030,7,8,
1650867256414,0,0,
1650867316665,0,0,
1650867376215,0,0,
1650867436742,0,0,
1650867496119,2,2,
1650867556566,0,0,
1650867616941,0,0,
1650867676176,0,0,
1650867736475,0,0,
1650867796770,0,0,
1650867856024,0,0,
1650867916346,0,0,
1650867976682,1,1,
1650868036090,0,0,
1650868096390,0,0,
1650868156772,0,0,
1650868216103,2,2,
1650868276482,1,2,
1650868336884,2,2,
1650868396313,1,2,
1650868456809,1,3,
1650868516234,1,3,
1650868576528,1,3,
1650868636933,3,4,
1650868696338,0,0,
1650868756716,0,0,
1650868816079,0,0,
1650868876428,0,0,
1650868936812,0,0,
1650868996190,0,0,
1650869056906,0,0,
1650869116342,1,1,
1650869176726,0,1,
1650869236061,1,1,
1650869296401,1,1,
1650869356752,0,0,
1650869416065,0,0,
1650869476487,2,2,
1650869536871,2,2,
1650869596270,0,0,
1650869656626,0,0,
1650869715985,0,0,
1650869776293,0,0,
1650869836701,0,0,
1650869896057,1,1,
1650869956453,1,1,
1650870017740,1,1,
1650870076138,2,2,
1650870136539,0,0,
1650870196998,0,1,
1650870256374,1,1,
1650870316730,0,1,
1650870376107,3,3,
1650870436449,4,4,
1650870496986,3,4,
1650870556454,3,4,
1650870616803,4,4,
1650870676187,4,4,
1650870736717,1,5,
1650870797059,1,1,
1650870856433,3,3,
1650870916811,1,1,
1650870976244,1,1,
1650871036682,1,2,
1650871097055,1,2,
1650871156407,1,2,
1650871216995,1,3,
1650871276353,2,3,
1650871336802,2,4,
1650871396126,1,2,
1650871456438,0,1,
1650871516834,2,1,
1650871576196,1,1,
1650871636556,1,1,
1650871696915,0,2,
1650871756336,1,3,
1650871816688,2,3,
1650871877125,2,4,
1650871936653,2,3,
1650871997015,4,5,
1650872056356,0,1,
1650872116834,0,1,
1650872176229,2,2,
1650872236719,1,2,
1650872297089,1,2,
1650872356564,1,2,
1650872416886,2,2,
1650872476264,1,2,
1650872536679,2,2,
1650872597099,3,4,
1650872656424,2,2,
1650872716746,1,2,
1650872842599,3,-1,
1650872842706,3,-1,
1650872842857,4,-1,
1650872842989,4,-1,
1650872896469,0,4,
1650872956908,3,6,
1650873016240,3,6,
1650873076625,1,6,
1650873136973,2,7,
1650873196388,2,6,
1650873256761,5,7,
1650873317064,6,6,
1650873376534,4,4,
1650873436892,3,3,
1650873496486,0,0,
1650873556948,0,0,
1650873617366,0,2,
1650873676966,0,2,
1650873736315,3,3,
1650873796695,1,1,
1650873856026,2,1,
1650873916433,1,1,
1650873976808,1,1,
1650874036229,1,1,
1650874096634,3,3,
1650874155988,3,3,
1650874216462,6,6,
1650874276955,6,6,
1650874336281,6,6,
1650874396784,5,6,
1650874456147,0,0,
1650874516509,0,1,
1650874576844,0,1,
1650874636543,0,1,
1650874696940,2,4,
1650874756230,0,4,
1650874816664,3,6,
1650874875880,2,5,
1650874936198,2,3,
1650874996665,2,3,
1650875056031,3,5,
1650875116435,0,0,
1650875176863,1,1,
1650875236241,0,1,
1650875296682,0,1,
1650875355865,0,1,
1650875416381,0,1,
1650875476813,3,3,
1650875536241,1,1,
1650875596725,1,1,
1650875656222,5,5,
1650875716588,0,1,
1650875777010,0,0,
1650875836473,1,1,
1650875896932,1,1,
1650875956227,1,1,
1650876016533,1,2,
1650876076853,2,2,
1650876136366,6,6,
1650876196621,6,7,
1650876256967,0,0,
1650876316323,0,0,
1650876376671,0,0,
1650876436164,0,0,
1650876496649,0,0,
1650876556035,0,0,
1650876616364,3,3,
1650876676758,1,3,
1650876736145,1,3,
1650876796625,10,6,
1650876857203,0,0,
1650876916662,1,1,
1650876976120,1,1,
1650877036877,1,1,
1650877096343,2,2,
1650877156806,1,1,
1650877217117,2,2,
1650877277739,2,3,
1650877336191,4,3,
1650877396518,8,8,
1650877456972,7,12,
1650877516429,0,0,
1650877576747,4,4,
1650877636424,1,2,
1650877696842,1,2,
1650877756414,1,2,
1650877816956,1,1,
1650877876777,3,3,
1650877936256,7,7,
1650877996640,6,6,
1650878057175,13,8,
1650878116778,9,8,
1650878176344,0,0,
1650878236789,1,1,
1650878296206,1,1,
1650878356630,1,1,
1650878417090,5,5,
1650878476527,2,5,
1650878537038,5,7,
1650878596351,7,8,
1650878656649,7,8,
1650878717012,8,9,
1650878776479,1,1,
1650878836864,1,1,
1650878896372,4,4,
1650878956796,5,4,
1650879016189,5,6,
1650879076472,3,6,
1650879136948,6,6,
1650879196250,5,6,
1650879256675,5,8,
1650879317107,6,9,
1650879376540,8,8,
1650879436989,5,10,
1650879496352,1,1,
1650879556663,0,0,
1650879616938,1,1,
1650879676236,0,0,
1650879736703,0,0,
1650879797077,0,0,
1650879856461,0,0,
1650879916759,1,1,
1650879976193,2,3,
1650880036691,6,5,
1650880097146,0,0,
1650880156371,0,1,
1650880216763,0,1,
1650880276116,0,1,
1650880336581,0,1,
1650880397041,0,1,
1650880456377,0,1,
1650880516793,0,0,
1650880576179,0,0,
1650880636549,0,0,
1650880697056,0,0,
1650880756437,2,2,
1650880817791,1,3,
1650880876149,1,3,
1650880936627,3,8,
1650880996977,4,5,
1650881056229,0,1,
1650881116667,1,2,
1650881177081,2,2,
1650881236528,1,1,
1650881296929,2,3,
1650881356342,3,3,
1650881416670,3,6,
1650881477134,3,6,
1650881536545,4,6,
1650881597006,5,7,
1650881656501,3,7,
1650881716932,0,0,
1650881776364,0,0,
1650881836853,0,0,
1650881896403,2,2,
1650881956882,0,0,
1650882016291,0,0,
1650882076834,0,1,
1650882136310,1,1,
1650882196628,0,1,
1650882257063,0,4,
1650882316416,2,5,
1650882376850,3,6,
1650882436279,5,9,
1650882496648,0,0,
1650882556002,0,0,
1650882616496,0,0,
1650882676928,0,0,
1650882736297,1,1,
1650882796755,1,1,
1650882856101,0,2,
1650882916496,0,2,
1650882976810,1,2,
1650883036107,2,3,
1650883096580,0,0,
1650883156974,0,0,
1650883216285,0,1,
1650883276623,0,0,
1650883336951,1,1,
1650883396284,2,2,
1650883456683,0,1,
1650883516096,0,0,
1650883576474,0,0,
1650883636799,0,1,
1650883696265,0,2,
1650883756664,1,2,
1650883816247,2,2,
1650883876519,1,3,
1650883936942,1,3,
1650883996273,3,3,
1650884056735,1,3,
1650884116162,3,4,
1650884176534,2,4,
1650884236969,4,4,
1650884296313,6,7,
1650884356655,0,0,
1650884417061,0,0,
1650884476546,0,1,
1650884536976,0,1,
1650884596356,0,2,
1650884656836,0,1,
1650884716288,1,1,
1650884776626,2,2,
1650884837037,0,0,
1650884896351,0,0,
1650884956826,1,2,
1650885016205,1,2,
1650885076744,2,2,
1650885136088,3,4,
1650885196600,4,4,
1650885256963,4,4,
1650885316247,4,5,
1650885376554,9,5,
1650885436909,5,7,
1650885496395,0,0,
1650885556725,0,0,
1650885616068,0,1,
1650885676465,0,1,
1650885736785,1,2,
1650885796184,2,2,
1650885856603,4,4,
1650885916936,4,4,
1650885976412,0,0,
1650886036757,0,0,
1650886096105,0,0,
1650886156581,0,0,
1650886216936,0,0,
1650886276378,0,0,
1650886336657,0,0,
1650886397216,1,1,
1650886456550,0,1,
1650886517061,0,1,
1650886576508,0,0,
1650886636827,0,0,
1650886696224,1,1,
1650886756639,2,1,
1650886817032,1,1,
1650886876406,1,1,
1650886936811,2,1,
1650886996132,1,1,
1650887056498,1,1,
1650887116872,2,3,
1650887176307,3,4,
1650887236687,6,7,
1650887297086,0,0,
1650887356375,0,0,
1650887416890,0,0,
1650887476256,0,0,
1650887536450,2,3,
1650887596852,1,3,
1650887656356,7,7,
1650887716658,3,4,
1650887777157,2,5,
1650887836635,5,7,
1650887896958,3,6,
1650887956232,4,7,
1650888017617,6,9,
1650888077096,0,0,
1650888136534,3,3,
1650888196856,0,3,
1650888256228,0,2,
1650888316759,1,2,
1650888376242,0,2,
1650888436546,0,2,
1650888496887,1,2,
1650888556242,0,0,
1650888616496,0,2,
1650888676917,0,2,
1650888736231,0,2,
1650888796679,0,3,
1650888855906,0,2,
1650888916117,0,2,
1650888976514,0,2,
1650889036855,0,2,
1650889096118,1,2,
1650889156649,0,0,
1650889217009,0,1,
1650889276454,0,1,
1650889336918,0,1,
1650889396214,0,1,
1650889456498,0,1,
1650889516874,0,1,
1650889576202,0,1,
1650889636588,0,1,
1650889696902,0,1,
1650889756333,0,3,
1650889816773,0,3,
1650889876236,0,3,
1650889936725,7,7,
1650889995991,0,0,
1650890056411,0,1,
1650890116753,0,1,
1650890175981,0,1,
1650890236353,4,4,
1650890296793,0,4,
1650890356233,1,5,
1650890416537,1,5,
1650890476863,2,5,
1650890537082,3,6,
1650890596485,3,4,
1650890656812,1,2,
1650890716327,0,0,
1650890776773,0,0,
1650890836198,0,0,
1650890896432,1,1,
1650890956712,0,1,
1650891015992,0,0,
1650891076301,0,0,
1650891136578,0,0,
1650891196915,1,3,
1650891256227,1,1,
1650891382105,2,-1,
1650891382242,2,-1,
1650891382421,2,-1,
1650891382515,2,-1,
1650891435990,1,1,
1650891496282,0,1,
1650891556563,0,1,
1650891617802,1,1,
1650891676253,0,0,
1650891736803,1,1,
1650891796224,1,1,
1650891856515,3,3,
1650891917021,3,3,
1650891976299,3,4,
1650892036788,4,7,
1650892096039,0,0,
1650892156534,0,0,
1650892216922,1,1,
1650892276301,0,1,
1650892336703,3,3,
1650892396178,3,2,
1650892456503,5,4,
1650892516872,4,4,
1650892576120,5,4,
1650892636570,6,10,
1650892696802,4,10,
1650892756232,7,8,
1650892816628,6,8,
1650892876998,0,0,
1650892936307,1,1,
1650892996588,0,0,
1650893056963,0,0,
1650893116206,0,0,
1650893176415,0,0,
1650893236617,0,0,
1650893296983,1,1,
1650893356443,1,1,
1650893416923,3,2,
1650893476352,0,0,
1650893536735,0,0,
1650893596001,1,1,
1650893656532,1,1,
1650893716778,0,1,
1650893841741,1,-1,
1650893841801,1,-1,
1650893842015,1,-1,
1650893842076,1,-1,
1650893896678,0,1,
1650893957164,1,1,
1650894016591,1,1,
1650894076852,1,1,
1650894136230,0,1,
1650894196532,2,4,
1650894257062,3,7,
1650894316628,0,0,
1650894377081,0,0,
1650894436622,0,0,
1650894497057,0,0,
1650894556453,0,0,
1650894617077,0,0,
1650894676541,0,0,
1650894736870,0,1,
1650894796235,3,2,
1650894856566,2,2,
1650894917021,3,4,
1650894976413,3,4,
1650895036788,4,4,
1650895096024,1,1,
1650895156398,0,0,
1650920417814,0,0,
1650920476282,0,0,
1650920536629,0,0,
1650920596933,0,0,
1650920656440,0,1,
1650920716795,0,1,
1650920776182,0,1,
1650920836545,0,1,
1650920896974,0,1,
1650920956408,1,1,
1650921016794,1,1,
1650921076231,1,1,
1650921136502,0,1,
1650921196716,0,0,
1650921256080,0,0,
1650921382247,0,-1,
1650921382319,0,-1,
1650921382562,0,-1,
1650921382635,0,-1,
1650921436313,0,0,
1650921496543,0,0,
1650921556922,0,0,
1650921616251,0,0,
1650921676689,0,0,
1650921736140,0,0,
1650921796754,0,0,
1650921856152,0,0,
1650921918104,0,0,
1650921976504,0,0,
1650922037112,0,0,
1650922096480,0,0,
1650922156947,0,0,
1650922216398,0,0,
1650922276744,0,1,
1650922336212,0,1,
1650922396449,0,1,
1650922456824,0,1,
1650922516254,0,1,
1650922576717,0,1,
1650922636161,1,1,
1650922696441,1,1,
1650922756975,0,0,
1650922816310,0,0,
1650922876755,0,1,
1650922936205,0,1,
1650922996550,0,0,
1650923056937,0,1,
1650923116328,0,1,
1650923176704,1,1,
1650923236159,1,1,
1650923296602,1,1,
1650923361969,2,2,
1650923416384,2,2,
1650923476908,1,2,
1650923536304,1,2,
1650923596786,2,2,
1650923656213,2,2,
1650923716619,2,2,
1650923777005,2,2,
1650923836341,3,3,
1650923896715,1,1,
1650923956155,0,0,
1650924017574,0,0,
1650924076995,1,1,
1650924136426,1,2,
1650924196888,1,1,
1650924256363,1,1,
1650924316753,1,1,
1650924376347,0,0,
1650924436760,0,1,
1650924496376,0,3,
1650924556719,1,4,
1650924616275,1,4,
1650924676703,1,5,
1650924736104,0,2,
1650924796354,2,2,
1650924856795,2,2,
1650924916190,1,4,
1650924976663,5,4,
1650925037211,1,1,
1650925096589,1,1,
1650925157077,1,1,
1650925216485,1,1,
1650925276872,1,1,
1650925336319,1,1,
1650925396741,1,1,
1650925456284,1,2,
1650925516837,1,2,
1650925576295,2,2,
1650925636850,3,4,
1650925696278,0,1,
1650925756790,1,2,
1650925816259,1,2,
1650925876802,1,1,
1650925936215,2,4,
1650925996575,1,3,
1650926056996,1,4,
1650926116374,1,5,
1650926176768,2,6,
1650926236200,3,6,
1650926296618,3,4,
1650926357142,0,3,
1650926416447,4,5,
1650926476873,0,0,
1650926536324,0,1,
1650926596819,1,1,
1650926656222,0,1,
1650926716649,1,2,
1650926777222,0,0,
1650926836607,0,0,
1650926897008,0,1,
1650926956372,0,0,
1650927016684,2,2,
1650927077077,2,2,
1650927136587,2,2,
1650927196977,4,5,
1650927256365,0,0,
1650927316860,0,0,
1650927376251,0,0,
1650927436803,0,1,
1650927496213,0,0,
1650927556728,0,0,
1650927617177,0,0,
1650927676591,0,0,
1650927737125,0,0,
1650927796641,0,1,
1650927857142,1,1,
1650927916469,1,1,
1650927976879,3,4,
1650928036437,0,1,
1650928097949,0,2,
1650928156379,0,0,
1650928216818,0,0,
1650928276261,0,0,
1650928336743,0,0,
1650928396182,0,0,
1650928456623,0,0,
1650928516994,0,0,
1650928576606,0,0,
1650928637007,0,0,
1650928696485,0,0,
1650928756938,0,0,
1650928816434,0,0,
1650928876885,0,0,
1650928936130,2,2,
1650928996567,1,2,
1650929056927,2,2,
1650929116288,0,2,
1650929176790,3,5,
1650929236170,1,2,
1650929296740,1,3,
1650929356142,2,4,
1650929416645,4,4,
1650929477106,4,5,
1650929602184,3,5,
1650929602571,2,-1,
1650929602576,2,-1,
1650929656326,6,8,
1650929716759,13,14,
1650929776102,0,1,
1650929836627,0,0,
1650929897198,2,1,
1650929956695,2,1,
1650930016235,1,1,
1650930076706,2,4,
1650930136104,1,3,
1650930196721,3,4,
1650930256237,4,6,
1650930316619,0,1,
1650930377034,0,0,
1650930436337,0,0,
1650930496692,0,1,
1650930556141,0,0,
1650930616570,0,0,
1650930677064,0,0,
1650930736391,1,1,
1650930796863,3,4,
1650930856281,3,2,
1650930916700,5,2,
1650930976155,3,2,
1650931036726,1,1,
1650931096115,2,2,
1650931156710,2,2,
1650931217111,4,5,
1650931276555,0,0,
1650931336991,0,1,
1650931396389,0,1,
1650931456796,0,1,
1650931516333,2,2,
1650931576764,1,2,
1650931636235,1,2,
1650931696783,1,2,
1650931756190,0,0,
1650931816620,0,0,
1650931877100,0,0,
1650931936480,0,0,
1650931996804,0,0,
1650932056224,0,0,
1650932116663,2,2,
1650932177052,2,2,
1650932236794,0,1,
1650932296197,2,2,
1650932356551,0,2,
1650932416939,1,2,
1650932476381,0,2,
1650932536766,2,2,
1650932596335,2,2,
1650932656719,2,3,
1650932717066,3,3,
1650932776483,5,4,
1650932837041,0,1,
1650932961933,2,-1,
1650932962072,2,-1,
1650932962182,0,-1,
1650932962344,0,-1,
1650933016807,2,2,
1650933076211,1,2,
1650933136605,1,2,
1650933197009,1,2,
1650933256293,1,1,
1650933382174,3,-1,
1650933382305,3,-1,
1650933382457,1,-1,
1650933382608,1,-1,
1650933437113,1,2,
1650933496547,1,1,
1650933557046,2,1,
1650933616560,1,1,
1650933676939,1,1,
1650933736377,1,2,
1650933796726,1,1,
1650933857126,1,1,
1650933916631,1,1,
1650933977014,0,1,
1650934036368,0,0,
1650934096779,0,0,
1650934156178,0,0,
1650934216580,0,1,
1650934277076,1,1,
1650934336611,0,1,
1650934397045,1,2,
1650934456312,1,2,
1650934516764,4,4,
1650934577207,2,4,
1650934636832,2,4,
1650934696305,0,0,
1650934756692,0,0,
1650934817138,0,0,
1650934876491,2,2,
1650934936958,1,2,
1650934996252,3,2,
1650935056828,3,3,
1650935116140,3,3,
1650935176675,7,8,
1650935236287,5,4,
1650935296763,0,1,
1650935356182,3,3,
1650935416536,1,3,
1650935476885,1,3,
1650935536479,1,2,
1650935596804,1,2,
1650935656122,1,2,
1650935716640,1,2,
1650935776098,1,1,
1650935836604,1,2,
1650935897026,2,2,
1650935956604,0,1,
1650936016884,1,1,
1650936076254,0,0,
1650936136565,1,2,
1650936197096,1,2,
1650936256643,1,2,
1650936315973,1,2,
1650936376406,1,2,
1650936436973,1,2,
1650936496267,1,2,
1650936556667,1,2,
1650936616057,2,2,
1650936676502,0,0,
1650936736836,0,0,
1650936796351,0,0,
1650936856667,0,0,
1650936916214,0,0,
1650936976657,0,0,
1650937036102,0,0,
1650937096531,1,1,
1650937156857,1,1,
1650937216195,1,1,
1650937276784,2,2,
1650937336024,0,0,
1650937396465,0,0,
1650937456964,0,0,
1650937516341,0,0,
1650937576595,0,0,
1650937635977,0,0,
1650937696656,0,0,
1650937757166,1,1,
1650937882277,0,1,
1650937882345,0,-1,
1650937882539,0,-1,
1650937882591,0,-1,
1650937937242,0,0,
1650937996833,0,0,
1650938056292,1,1,
1650938116470,0,1,
1650938176816,1,1,
1650938236309,3,2,
1650938296723,2,2,
1650938356970,3,3,
1650938417272,2,2,
1650938476598,2,2,
1650938536956,2,2,
1650938596324,2,2,
1650938656808,2,2,
1650938716245,3,3,
1650938776577,0,0,
1650938837039,0,0,
1650938896384,0,0,
1650938956788,0,0,
1650939016137,0,0,
1650939142305,0,-1,
1650939142389,0,-1,
1650939142581,0,-1,
1650939142669,0,-1,
1650939196212,0,0,
1650939256786,0,0,
1650939316235,0,0,
1650939376949,0,1,
1650939436421,0,1,
1650939496794,2,1,
1650939556129,1,1,
1650939616488,1,1,
1650939676974,0,1,
1650939736274,0,1,
1650939796616,0,1,
1650939856928,2,2,
1650939916349,0,0,
1650939976795,0,0,
1650940036094,0,0,
1650940096468,0,0,
1650940156846,0,0,
1650940216236,0,0,
1650940276703,0,0,
1650940336068,1,1,
1650940396482,1,1,
1650940456928,1,1,
1650940516311,1,1,
1650940576704,0,1,
1650940636016,0,1,
1650940696452,0,0,
1650940756868,0,0,
1650940816266,0,0,
1650940876661,0,0,
1650940936941,0,0,
1650940996276,0,0,
1650941056620,0,0,
1650941117075,0,0,
1650941176477,0,0,
1650941236945,0,0,
1650941296376,0,0,
1650941356859,0,0,
1650941416322,2,1,
1650941476704,2,1,
1650941536127,2,1,
1650941596549,2,1,
1650941656932,1,1,
1650941716485,1,1,
1650941776801,0,1,
1650941836137,1,1,
1650941896604,1,1,
1650941956004,0,1,
1650942017283,1,1,
1650942142229,0,-1,
1650942142326,0,-1,
1650942142551,1,-1,
1650942142637,1,-1,
1650942196126,0,0,
1650942256577,0,0,
1650942317061,0,0,
1650942376430,0,0,
1650942436840,0,0,
1650942496216,0,1,
1650942556626,1,2,
1650942616015,1,2,
1650942676401,0,2,
1650942736718,1,2,
1650942796142,0,0,
1650942856554,0,0,
1650942916899,0,0,
1650942976273,0,0,
1650943036757,0,0,
1650943096131,0,0,
1650943156587,0,0,
1650943216020,1,1,
1650943276408,1,1,
1650943336837,1,1,
1650943396137,2,2,
1650943456426,1,2,
1650943516764,2,3,
1650943576207,0,0,
1650943636627,0,0,
1650943696077,0,0,
1650943756368,0,0,
1650943882484,0,-1,
1650943882582,0,-1,
1650943882812,1,-1,
1650943882885,1,-1,
1650943936443,0,0,
1650943996815,1,1,
1650944056153,1,1,
1650944116484,1,2,
1650944176924,3,3,
1650944236308,0,0,
1650944296692,0,0,
1650944356176,0,0,
1650944416616,0,0,
1650944476032,1,1,
1650944536475,2,1,
1650944597010,0,0,
1650944656315,2,2,
1650944716803,2,2,
1650944776181,2,2,
1650944836540,2,2,
1650944896903,2,2,
1650944956249,3,6,
1650945016668,0,2,
1650945076018,0,1,
1650945136296,2,2,
1650945196782,3,2,
1650945256356,1,1,
1650945316753,1,1,
1650945376206,0,0,
1650945436514,0,1,
1650945496994,0,1,
1650945556357,1,1,
1650945617719,0,0,
1650945676162,0,0,
1650945736658,0,0,
1650945795986,0,0,
1650945856457,0,0,
1650945916851,0,1,
1650945976102,1,1,
1650946036477,1,1,
1650946096812,0,1,
1650946156133,0,1,
1650946216433,1,1,
1650946276854,1,1,
1650946336253,0,1,
1650946396576,8,5,
1650946456035,1,1,
1650946516441,2,2,
1650946576810,0,0,
1650946636230,0,0,
1650946696597,0,0,
1650946755877,1,1,
1650946816200,2,1,
1650946876582,1,1,
1650946935902,1,2,
1650946996233,0,1,
1650947056684,0,0,
1650947115960,0,0,
1650947176624,0,0,
1650947237002,0,0,
1650947296358,0,0,
1650947356735,0,0,
1650947416926,0,0,
1650947476132,0,0,
1650947536355,0,0,
1650947596842,0,0,
1650947656179,0,0,
1650947716566,0,0,
1650947776982,0,0,
1650947836308,1,1,
1650947896738,0,0,
1650947956141,0,0,
1650948016577,0,0,
1650948076977,0,0,
1650948136364,1,2,
1650948196720,1,2,
1650948256121,1,2,
1650948316441,0,2,
1650948376792,1,2,
1650948436278,1,2,
1650948496662,1,2,
1650948556130,1,2,
1650948616570,1,2,
1650948676875,0,0,
1650948736306,0,0,
1650948796657,0,0,
1650948855994,0,0,
1650948916526,0,0,
1650948976879,0,0,
1650949036161,0,0,
1650949096638,0,0,
1650949156104,0,0,
1650949217372,0,0,
1650949276889,0,0,
1650949336284,0,0,
1650949396595,1,1,
1650949456909,0,3,
1650949516250,0,3,
1650949576659,1,1,
1650949636067,1,1,
1650949696469,0,1,
1650949756747,1,1,
1650949816279,1,1,
1650949876631,2,2,
1650949936064,2,2,
1650949996418,2,2,
1650950057132,4,3,
1650950116515,0,0,
1650950176846,0,0,
1650950236258,0,0,
1650950296657,0,0,
1650950356326,0,0,
1650950416622,0,0,
1650950477146,0,0,
1650950536481,1,1,
1650950597009,2,2,
1650950656347,2,2,
1650950716689,1,2,
1650950775984,0,0,
1650950836350,0,0,
1650950896849,0,0,
1650950956253,0,0,
1650951016759,2,1,
1650951076123,1,1,
1650951136494,1,1,
1650951196828,1,1,
1650951256239,0,1,
1650951316668,1,1,
1650951376004,1,1,
1650951436351,1,1,
1650951496873,3,3,
1650951556252,0,0,
1650951616766,0,0,
1650951676132,0,0,
1650951736510,0,0,
1650951796854,1,1,
1650951856316,1,1,
1650951916786,1,1,
1650951976072,0,2,
1650952036494,1,2,
1650952096895,3,2,
1650952156297,1,2,
1650952216609,0,0,
1650952276913,0,0,
1650952336404,0,2,
1650952396791,0,1,
1650952456142,0,1,
1650952516501,0,0,
1650952576788,0,0,
1650952636219,2,1,
1650952696475,2,1,
1650952756958,1,1,
1650952816407,2,3,
1650952876835,2,3,
1650952936196,2,3,
1650952996595,0,0,
1650953056094,0,0,
1650953116477,0,0,
1650953176788,0,0,
1650953236140,1,1,
1650953296700,0,2,
1650953356140,1,2,
1650953416604,1,4,
1650953476047,4,3,
1650953536517,3,3,
1650953596991,3,5,
1650953656420,0,0,
1650953716849,0,0,
1650953776208,0,0,
1650953836757,0,0,
1650953896188,0,1,
1650953956687,0,1,
1650954016129,1,1,
1650954076460,0,1,
1650954136901,0,1,
1650954196397,2,2,
1650954256775,2,2,
1650954316230,0,0,
1650954376623,0,0,
1650954437055,0,1,
1650954496286,0,1,
1650954556648,1,2,
1650954617047,3,2,
1650954676380,2,2,
1650954736741,1,3,
1650954796289,1,3,
1650954856713,2,3,
1650954917120,3,3,
1650954976512,5,3,
1650955037005,4,4,
1650955096276,0,1,
1650955156634,1,1,
1650955217022,1,1,
1650955276281,1,1,
1650955336677,2,2,
1650955397314,2,1,
1650955456672,1,1,
1650955516986,4,2,
1650955576387,3,3,
1650955636758,2,2,
1650955696287,3,3,
1650955756579,0,1,
1650955816946,0,1,
1650955876281,0,1,
1650955936638,0,1,
1650955997292,2,2,
1650956056681,1,2,
1650956116037,1,2,
1650956176447,3,3,
1650956236825,1,2,
1650956296219,2,2,
1650956356555,1,2,
1650956418036,2,2,
1650956476452,1,2,
1650956536819,2,3,
1650956596187,2,2,
1650956656532,0,1,
1650956716846,2,2,
1650956776169,3,4,
1650956836626,1,2,
1650956896023,0,2,
1650956956416,0,2,
1650957017000,0,2,
1650957076384,2,2,
1650957136766,3,4,
1650957196127,0,0,
1650957256409,0,0,
1650957316836,0,0,
1650957376139,0,0,
1650957436650,0,0,
1650957495972,0,0,
1650957556383,0,0,
1650957616729,1,2,
1650957676265,0,0,
1650957736606,3,2,
1650957797042,3,5,
1650957856452,0,2,
1650957916788,1,2,
1650957976175,0,1,
1650958036615,2,2,
1650958096888,1,1,
1650958156234,1,1,
1650958216688,3,2,
1650958276157,4,4,
1650958336785,1,3,
1650958396273,1,4,
1650958456810,6,4,
1650958516072,2,4,
1650958576453,2,4,
1650958636705,0,1,
1650958696019,2,3,
1650958756570,1,3,
1650958817069,1,3,
1650958876534,5,8,
1650958936944,5,8,
1650958996499,3,9,
1650959057104,5,9,
1650959116425,4,9,
1650959176934,1,1,
1650959236317,0,1,
1650959296790,1,1,
1650959356156,1,1,
1650959416554,1,1,
1650959477114,0,1,
1650959536460,0,1,
1650959596949,0,1,
1650959656236,0,0,
1650959716599,0,1,
1650959777009,1,1,
1650959836306,4,4,
1650959896673,3,3,
1650959956037,3,4,
1650960017443,2,4,
1650960076760,0,4,
1650960136219,2,5,
1650960196950,4,7,
1650960256340,5,6,
1650960316680,8,9,
1650960376034,9,11,
1650960436578,2,2,
1650960497017,0,2,
1650960556360,1,2,
1650960616683,0,2,
1650960676141,0,2,
1650960736522,3,4,
1650960796900,2,4,
1650960856279,2,4,
1650960916573,1,4,
1650960976921,2,4,
1650961036450,0,0,
1650961096982,0,0,
1650961156340,0,0,
1650961216774,0,0,
1650961276211,0,0,
1650961336601,1,1,
1650961396928,0,0,
1650961456260,0,1,
1650961516807,0,0,
1650961576223,2,3,
1650961636618,2,4,
1650961696996,1,3,
1650961756424,0,2,
1650961816900,0,3,
1650961876416,2,5,
1650961937055,8,8,
1650961996358,3,6,
1650962056802,11,10,
1650962116189,10,11,
1650962176775,11,13,
1650962236135,2,2,
1650962296499,2,2,
1650962356948,2,2,
1650962416415,2,2,
1650962476768,2,2,
1650962536220,3,2,
1650962662279,2,-1,
1650962662424,2,-1,
1650962662548,2,-1,
1650962662674,2,-1,
1650962716201,5,5,
1650962776711,0,0,
1650962836102,1,1,
1650962896643,1,1,
1650962956179,1,1,
1650963016544,1,2,
1650963076959,2,1,
1650963136394,1,1,
1650963196788,4,3,
1650963256319,6,7,
1650963316748,1,1,
1650963376076,1,1,
1650963436498,1,1,
1650963496878,3,3,
1650963556234,3,3,
1650963616742,1,3,
1650963676098,2,3,
1650963736439,5,4,
1650963796832,7,9,
1650963856283,10,10,
1650963916702,1,1,
1650963976219,4,4,
1650964036544,1,2,
1650964097098,2,2,
1650964156512,4,3,
1650964216886,3,4,
1650964276426,4,5,
1650964336758,6,6,
1650964396249,4,6,
1650964456640,4,6,
1650964516011,6,7,
1650964576462,0,0,
1650964637026,0,0,
1650964696856,0,0,
1650964756230,1,2,
1650964816726,4,4,
1650964876280,3,4,
1650964936637,8,5,
1650964996176,5,7,
1650965056716,0,0,
1650965115959,0,0,
1650965176415,7,11,
1650965236847,5,4,
1650965296214,1,3,
1650965356597,2,4,
1650965417018,2,6,
1650965476382,2,6,
1650965536860,2,6,
1650965596261,14,10,
1650965656734,1,2,
1650965716200,0,1,
1650965776525,0,1,
1650965836961,0,1,
1650965896378,4,3,
1650965956705,0,5,
1650966016093,0,3,
1650966076571,0,4,
1650966136915,2,4,
1650966196220,3,4,
1650966256663,5,5,
1650966316162,0,0,
1650966376550,1,1,
1650966436938,2,2,
1650966496394,2,2,
1650966556819,3,3,
1650966616260,4,3,
1650966676621,4,4,
1650966736961,3,4,
1650966796280,3,3,
1650966856683,4,4,
1650966916030,4,6,
1650966976512,0,0,
1650967036885,0,1,
1650967096238,0,1,
1650967156754,2,2,
1650967217147,2,2,
1650967276563,2,2,
1650967337054,7,8,
1650967396520,4,5,
1650967456980,0,0,
1650967516348,2,2,
1650967576731,0,0,
1650967636046,2,2,
1650967696494,0,0,
1650967756878,1,1,
1650967816354,5,5,
1650967876884,1,2,
1650967936165,0,0,
1650967996684,0,0,
1650968056248,0,0,
1650968116754,3,4,
1650968176196,1,1,
1650968236708,1,1,
1650968296139,2,2,
1650968356426,0,0,
1650968416884,0,0,
1650968476297,0,0,
1650968536680,0,0,
1650968597148,0,0,
1650968656635,1,1,
1650968717165,1,1,
1650968776680,3,1,
1650968837154,0,0,
1650968896618,0,0,
1650968956976,0,0,
1650969016298,0,0,
1650969076713,0,0,
1650969136096,0,0,
1650969196566,0,0,
1650969256960,1,1,
1650969316377,1,1,
1650969376852,1,1,
1650969436350,3,4,
1650969496755,0,0,
1650969556199,0,0,
1650969616590,0,0,
1650969676976,0,0,
1650969736546,0,0,
1650969796942,0,0,
1650969856245,1,0,
1650969916837,0,1,
1650969976242,2,2,
1650970036779,1,1,
1650970096213,5,4,
1650970156588,0,0,
1650970216918,2,2,
1650970276266,1,2,
1650970336773,0,2,
1650970396116,1,2,
1650970456465,1,1,
1650970516891,4,4,
1650970576236,6,5,
1650970636592,0,0,
1650970697025,0,0,
1650970756593,0,0,
1650970818132,0,0,
1650970876591,4,4,
1650970937012,3,2,
1650970996475,2,2,
1650971056690,3,2,
1650971117132,1,2,
1650971176519,4,3,
1650971237020,1,2,
1650971296518,1,1,
1650971356922,1,2,
1650971416296,1,2,
1650971476754,1,2,
1650971536994,1,2,
1650971596545,2,2,
1650971656903,2,4,
1650971716327,3,4,
1650971776804,2,4,
1650971836339,6,9,
1650971896652,0,0,
1650971957089,1,1,
1650972016586,1,1,
1650972076990,1,1,
1650972136472,0,1,
1650972196842,0,1,
1650972256183,0,1,
1650972316705,0,2,
1650972377139,0,2,
1650972436559,0,2,
1650972496918,3,5,
1650972556302,0,0,
1650972616759,0,0,
1650972677042,0,0,
1650972736424,0,0,
1650972796694,1,3,
1650972857152,1,3,
1650972916623,1,6,
1650972976883,4,6,
1650973036394,4,6,
1650973096892,5,7,
1650973156397,4,4,
1650973216881,0,0,
1650973276220,0,0,
1650973336603,0,0,
1650973396824,0,1,
1650973456133,0,3,
1650973516715,2,2,
1650973576058,2,5,
1650973636554,0,0,
1650973696682,0,0,
1650973756094,0,0,
1650973816394,2,3,
1650973876697,3,3,
1650973936221,4,3,
1650973996662,3,3,
1650974057066,5,5,
1650974116418,5,5,
1650974176605,5,5,
1650974237073,5,8,
1650974296512,0,0,
1650974356740,0,0,
1650974417078,0,0,
1650974476547,0,0,
1650974536895,2,2,
1650974596334,0,1,
1650974656847,1,1,
1650974716377,2,3,
1650974776828,4,4,
1650974836117,1,1,
1650974896595,0,0,
1650974957099,0,0,
1650975016559,0,0,
1650975077077,0,0,
1650975136334,0,0,
1650975196763,3,4,
1650975256040,2,2,
1650975316400,4,4,
1650975376933,4,4,
1650975436307,6,5,
1650975496674,5,7,
1650975556219,2,2,
1650975616625,0,0,
1650975676093,0,1,
1650975736493,0,0,
1650975796967,0,0,
1650975856372,0,0,
1650975916672,0,0,
1650975976004,0,0,
1650976036105,0,0,
1650976161922,1,-1,
1650976162248,0,-1,
1650976162310,0,-1,
1650976216934,1,2,
1650976276524,3,2,
1650976337008,2,4,
1650976396463,0,0,
1650976456760,0,0,
1650976517202,0,0,
1650976576585,0,0,
1650976636814,0,0,
1650976696919,3,4,
1650976756408,0,0,
1650976816689,0,0,
1650976876040,0,1,
1650976936354,2,2,
1650976996642,0,0,
1650977057041,0,0,
1650977116335,1,3,
1650977176698,2,3,
1650977236092,1,4,
1650977296306,0,4,
1650977356757,0,4,
1650977416033,0,4,
1650977476313,1,4,
1650977536733,0,4,
1650977596156,5,8,
1650977656424,3,7,
1650977716900,3,7,
1650977776353,2,6,
1650977836668,0,0,
1650977896066,1,1,
1650977956435,0,1,
1650978017624,0,1,
1650978076919,0,1,
1650978136324,0,1,
1650978196854,1,3,
1650978256105,1,4,
1650978316459,2,4,
1650978376923,3,6,
1650978436329,1,7,
1650978496711,4,7,
1650978556194,1,8,
1650978616649,0,0,
1650978676182,1,1,
1650978736560,1,2,
1650978797049,0,2,
1650978856373,2,7,
1650978916778,1,6,
1650978976170,4,7,
1650979036763,1,6,
1650979096279,2,6,
1650979156779,3,8,
1650979216235,7,12,
1650979276534,0,0,
1650979336806,0,0,
1650979396355,1,1,
1650979456795,1,1,
1650979516323,2,2,
1650979576559,1,2,
1650979637197,1,3,
1650979696460,1,3,
1650979757029,1,3,
1650979816453,10,7,
1650979876877,1,3,
1650979936112,2,3,
1650979996525,4,4,
1650980056764,0,0,
1650980116203,0,0,
1650980176518,0,0,
1650980237036,0,0,
1650980296333,1,2,
1650980356653,0,2,
1650980417030,0,2,
1650980476461,2,3,
1650980536934,0,0,
1650980596414,0,0,
1650980656962,3,3,
1650980716407,0,2,
1650980776690,0,1,
1650980837112,0,1,
1650980896461,0,1,
1650980956769,0,1,
1650981016154,0,1,
1650981076523,1,2,
1650981136797,2,3,
1650981196121,0,3,
1650981256473,0,3,
1650981316873,0,1,
1650981376422,0,0,
1650981436827,0,0,
1650981496090,0,0,
1650981556544,0,0,
1651006817992,0,0,
1651006876432,0,0,
1651006936870,0,0,
1651006996308,0,0,
1651007056837,0,0,
1651007116221,0,0,
1651007176608,0,0,
1651007236948,1,1,
1651007296384,0,0,
1651007356760,1,1,
1651007415978,1,1,
1651007476340,1,1,
1651007536781,0,0,
1651007596114,0,0,
1651007656461,0,0,
1651007716837,0,0,
1651007776210,0,0,
1651007836761,1,1,
1651007896229,1,1,
1651007956412,1,1,
1651008016909,1,1,
1651008076473,1,1,
1651008136849,1,2,
1651008196161,1,2,
1651008256665,1,2,
1651008318551,1,5,
1651008376981,0,0,
1651008436321,0,0,
1651008496790,0,0,
1651008556126,0,0,
1651008616450,0,0,
1651008676905,0,0,
1651008736260,0,0,
1651008796685,0,0,
1651008857133,0,0,
1651008916543,0,0,
1651008977104,0,0,
1651009036459,0,0,
1651009096997,1,2,
1651009156324,0,2,
1651009282399,0,1,
1651009282498,0,1,
1651009282638,1,1,
1651009282766,1,2,
1651009336213,1,2,
1651009396684,1,2,
1651009456993,2,2,
1651009516479,0,0,
1651009576803,0,0,
1651009636367,1,1,
1651009696831,1,1,
1651009756266,1,1,
1651009816596,1,1,
1651009877149,1,1,
1651009936614,0,0,
1651010062700,0,-1,
1651010062752,0,-1,
1651010062989,0,-1,
1651010063062,0,-1,
1651010116637,0,0,
1651010177068,0,0,
1651010236555,1,1,
1651010296960,1,1,
1651010356328,1,1,
1651010481969,0,0,
1651010482004,0,0,
1651010482234,0,-1,
1651010482295,0,-1,
1651010536773,3,3,
1651010596308,2,3,
1651010656753,3,4,
1651010716279,3,4,
1651010776788,0,0,
1651010836307,0,0,
1651010896702,0,0,
1651010957211,0,0,
1651011016621,0,0,
1651011077065,0,0,
1651011136471,0,0,
1651011197011,0,0,
1651011256414,0,0,
1651011316769,0,0,
1651011376242,0,0,
1651011436820,0,0,
1651011496279,0,0,
1651011556764,0,0,
1651011617189,0,0,
1651011676577,0,0,
1651011737059,0,0,
1651011796426,0,0,
1651011856818,0,0,
1651011916254,0,0,
1651011976622,0,0,
1651012037043,1,1,
1651012096491,1,1,
1651012156979,1,1,
1651012216447,1,1,
1651012276965,0,2,
1651012337342,1,2,
1651012396682,1,2,
1651012457234,3,4,
1651012516628,0,0,
1651012642483,2,-1,
1651012642630,2,-1,
1651012642727,0,-1,
1651012642872,0,-1,
1651012696524,1,1,
1651012756743,2,1,
1651012817087,0,1,
1651012876294,0,1,
1651012936500,0,3,
1651012996986,1,3,
1651013056310,2,4,
1651013116754,5,8,
1651013176274,0,1,
1651013236734,1,1,
1651013361777,0,0,
1651013361967,0,-1,
1651013362073,0,-1,
1651013362232,0,-1,
1651013416639,1,2,
1651013477091,1,2,
1651013536314,0,2,
1651013596737,1,2,
1651013656076,1,2,
1651013716555,0,3,
1651013776973,0,0,
1651013836415,0,0,
1651013896842,0,0,
1651014022542,0,-1,
1651014022769,0,-1,
1651014022803,0,-1,
1651014023091,0,-1,
1651014076452,2,2,
1651014136674,2,2,
1651014196026,2,2,
1651014256266,2,2,
1651014316682,0,0,
1651014376010,0,0,
1651014436261,0,0,
1651014496619,2,1,
1651014556978,1,2,
1651014616363,1,1,
1651014676631,4,4,
1651014737016,2,3,
1651014796331,2,3,
1651014856659,4,7,
1651014915919,2,5,
1651014976300,3,5,
1651015036917,5,4,
1651015096322,3,4,
1651015156680,3,4,
1651015216130,3,4,
1651015276455,3,4,
1651015336902,3,4,
1651015396217,4,4,
1651015456728,5,6,
1651015516026,0,0,
1651015576364,0,0,
1651015636941,0,0,
1651015696454,2,4,
1651015756780,0,0,
1651015816257,3,3,
1651015876617,1,1,
1651015937040,1,1,
1651015996449,1,1,
1651016056956,1,1,
1651016116271,2,2,
1651016176592,0,0,
1651016237078,0,1,
1651016296335,0,1,
1651016356761,2,2,
1651016416013,0,0,
1651016476405,0,0,
1651016536703,0,0,
1651016595995,2,2,
1651016656310,1,2,
1651016716726,1,2,
1651016776021,0,1,
1651016836408,0,0,
1651016896787,0,0,
1651016956074,0,0,
1651017016582,0,0,
1651017076904,0,0,
1651017136203,0,0,
1651017196481,0,0,
1651017256784,1,1,
1651017316072,0,0,
1651017376304,0,0,
1651017436935,0,0,
1651017496228,0,0,
1651017556686,0,0,
1651017617001,0,0,
1651017676284,0,0,
1651017736531,0,1,
1651017796832,0,1,
1651017856212,0,1,
1651017916618,1,4,
1651017976059,0,0,
1651018036432,0,0,
1651018096838,0,0,
1651018156208,0,0,
1651018216543,1,1,
1651018277020,0,2,
1651018336373,0,1,
1651018396840,1,1,
1651018456356,0,1,
1651018516716,0,1,
1651018576126,0,1,
1651018636593,0,1,
1651018697009,0,1,
1651018756313,0,1,
1651018816697,0,1,
1651018876023,1,1,
1651018936366,1,1,
1651018996695,1,1,
1651019055970,1,1,
1651019116346,1,1,
1651019176706,1,1,
1651019235995,0,0,
1651019296299,0,0,
1651019356670,0,0,
1651019416063,0,0,
1651019476449,0,1,
1651019536866,3,2,
1651019596338,0,2,
1651019656745,1,2,
1651019716107,1,1,
1651019776444,2,1,
1651019836764,0,1,
1651019896130,0,1,
1651019956502,1,1,
1651020016946,1,2,
1651020076261,0,1,
1651020136597,0,1,
1651020196976,1,2,
1651020256222,1,2,
1651020316509,1,2,
1651020376842,1,1,
1651020436260,0,0,
1651020496581,0,0,
1651020556962,0,0,
1651020616355,1,2,
1651020676703,1,1,
1651020736019,1,1,
1651020796505,1,2,
1651020856979,1,2,
1651020916379,1,2,
1651020976820,2,2,
1651021036182,0,0,
1651021096658,0,0,
1651021156106,0,0,
1651021217427,0,0,
1651021276813,0,1,
1651021336206,2,3,
1651021396512,1,2,
1651021456857,1,2,
1651021516279,1,2,
1651021576619,1,2,
1651021637084,1,0,
1651021696426,1,2,
1651021756767,1,2,
1651021816169,2,2,
1651021876546,0,0,
1651021936920,0,0,
1651021996420,0,0,
1651022056964,0,0,
1651022116466,0,0,
1651022176996,0,0,
1651022236448,0,0,
1651022296929,0,0,
1651022356362,1,1,
1651022416611,0,0,
1651022476992,0,0,
1651022536305,1,1,
1651022596596,1,1,
1651022656919,1,1,
1651022716263,1,2,
1651022776780,0,7,
1651022836146,1,2,
1651022896632,2,2,
1651022956962,2,2,
1651023016244,2,2,
1651023076601,0,0,
1651023136964,0,0,
1651023196383,2,2,
1651023256714,1,1,
1651023316200,1,1,
1651023376479,1,1,
1651023502438,1,-1,
1651023502525,1,-1,
1651023502702,2,-1,
1651023502772,2,-1,
1651023556242,5,5,
1651023616795,5,5,
1651023676080,4,4,
1651023736516,0,1,
1651023796852,1,1,
1651023856233,1,1,
1651023916553,1,1,
1651023976824,2,2,
1651024036250,2,2,
1651024096639,2,2,
1651024157090,1,2,
1651024216480,2,3,
1651024276815,1,2,
1651024336253,2,2,
1651024462020,0,2,
1651024462351,0,-1,
1651024516613,0,0,
1651024577048,0,0,
1651024636444,0,0,
1651024697003,0,0,
1651024756323,0,0,
1651024817702,1,1,
1651024876126,1,1,
1651024936656,2,2,
1651024997071,0,1,
1651025056337,0,1,
1651025116778,0,1,
1651025176128,0,1,
1651025236498,0,1,
1651025296854,0,1,
1651025356192,0,1,
1651025416524,1,2,
1651025476794,0,1,
1651025536098,0,1,
1651025596483,2,2,
1651025656943,0,2,
1651025716361,0,1,
1651025776648,0,1,
1651025837055,0,1,
1651025896450,0,1,
1651025956758,1,2,
1651026016127,1,2,
1651026142103,1,-1,
1651026142243,1,-1,
1651026142340,0,-1,
1651026142482,0,-1,
1651026196918,1,2,
1651026256389,1,3,
1651026316769,1,2,
1651026376203,1,2,
1651026436485,1,1,
1651026496854,0,1,
1651026556307,1,1,
1651026616591,0,1,
1651026676899,0,1,
1651026736317,1,1,
1651026796680,0,0,
1651026857128,1,2,
1651026916556,1,2,
1651026977014,0,2,
1651027036426,3,3,
1651027096795,0,1,
1651027156113,0,1,
1651027216543,1,1,
1651027276992,1,1,
1651027336512,1,1,
1651027396927,0,1,
1651027456191,0,1,
1651027516485,2,4,
1651027576784,2,4,
1651027636253,2,4,
1651027696631,1,4,
1651027757116,3,4,
1651027816475,4,5,
1651027876975,0,1,
1651027936351,0,1,
1651027996765,0,1,
1651028056007,0,1,
1651028116314,0,1,
1651028176738,1,1,
1651028237966,1,1,
1651028296376,0,2,
1651028356732,0,2,
1651028417140,0,1,
1651028476476,0,1,
1651028537050,0,1,
1651028596371,0,1,
1651028656719,0,2,
1651028716029,0,2,
1651028776356,0,2,
1651028836702,1,2,
1651028896985,0,1,
1651028956344,0,1,
1651029016629,0,1,
1651029077133,0,1,
1651029136500,1,1,
1651029196943,0,1,
1651029256309,1,2,
1651029316655,0,0,
1651029377071,0,0,
1651029436500,0,0,
1651029496985,1,1,
1651029556351,0,0,
1651029616741,0,0,
1651029676139,0,0,
1651029736586,0,1,
1651029796952,1,1,
1651029856446,1,1,
1651029916810,1,1,
1651029976115,0,0,
1651030036532,0,0,
1651030096882,0,0,
1651030156276,0,0,
1651030216609,0,1,
1651030276866,0,0,
1651030336243,0,0,
1651030396584,2,2,
1651030457029,1,1,
1651030516399,0,0,
1651030576996,2,2,
1651030636348,0,0,
1651030696743,2,2,
1651030756334,0,0,
1651030816716,0,0,
1651030876942,1,1,
1651030936375,0,1,
1651030996758,0,2,
1651031056235,0,2,
1651031116591,0,2,
1651031176923,0,3,
1651031236297,1,3,
1651031296686,0,3,
1651031355951,1,3,
1651031416338,1,1,
1651031476756,1,1,
1651031536170,0,1,
1651031596675,0,1,
1651031656244,0,2,
1651031716723,1,1,
1651031841613,0,0,
1651031841742,0,1,
1651031841858,0,-1,
1651031841986,0,-1,
1651031896622,0,1,
1651031955968,0,2,
1651032082567,0,-1,
1651032082572,0,-1,
1651032082884,0,-1,
1651032082888,0,-1,
1651032136471,0,0,
1651032196967,0,0,
1651032256368,0,0,
1651032316679,0,0,
1651032375950,0,0,
1651032436311,0,0,
1651032496669,0,0,
1651032555995,0,0,
1651032616481,0,1,
1651032676755,0,0,
1651032736176,0,0,
1651032796409,2,4,
1651032856846,0,1,
1651032916158,0,0,
1651032976633,0,0,
1651033037018,0,0,
1651033096417,0,0,
1651033156800,0,0,
1651033216169,0,0,
1651033276612,0,1,
1651033337024,1,1,
1651033396355,0,1,
1651033456722,2,2,
1651033516115,0,1,
1651033576438,0,0,
1651033636784,0,0,
1651033696035,0,0,
1651033756472,0,0,
1651033882343,2,-1,
1651033882507,2,-1,
1651033882568,0,-1,
1651033882771,0,-1,
1651033936238,1,1,
1651033996500,1,1,
1651034056735,1,2,
1651034116149,2,3,
1651034176491,2,3,
1651034236904,6,7,
1651034296325,2,1,
1651034356747,0,0,
1651034416065,0,0,
1651034476522,0,0,
1651034536829,0,1,
1651034596346,1,1,
1651034656852,1,1,
1651034716254,2,3,
1651034776614,3,3,
1651034837024,2,3,
1651034896321,2,3,
1651034956728,0,0,
1651035016060,0,0,
1651035076397,0,0,
1651035136758,0,0,
1651035196097,0,1,
1651035256455,0,1,
1651035316793,0,2,
1651035376083,1,3,
1651035436478,1,3,
1651035496816,4,9,
1651035556180,1,3,
1651035617467,0,3,
1651035676848,0,3,
1651035736303,2,3,
1651035796622,2,4,
1651035856954,4,5,
1651035916385,0,0,
1651035976749,0,1,
1651036036241,0,1,
1651036096606,0,1,
1651036157003,0,1,
1651036216533,0,1,
1651036276857,1,2,
1651036336089,1,2,
1651036396334,1,2,
1651036456758,1,2,
1651036516348,0,0,
1651036576708,1,1,
1651036636462,0,0,
1651036696803,0,0,
1651036756362,0,0,
1651036817270,0,0,
1651036876686,0,0,
1651036936069,1,1,
1651036996447,1,1,
1651037056970,1,1,
1651037116319,0,1,
1651037176883,0,1,
1651037236276,0,2,
1651037296533,1,2,
1651037357129,0,0,
1651037416446,0,0,
1651037476833,0,0,
1651037536186,0,0,
1651037596527,0,2,
1651037656987,1,2,
1651037716351,0,2,
1651037776841,1,2,
1651037836227,1,2,
1651037896712,2,4,
1651037956061,5,5,
1651038016473,0,0,
1651038076935,1,1,
1651038136442,0,1,
1651038196747,2,2,
1651038256215,0,1,
1651038316584,1,2,
1651038377178,0,2,
1651038436567,0,2,
1651038497146,1,2,
1651038556521,2,2,
1651038616954,0,2,
1651038676432,0,0,
1651038736814,0,1,
1651038796201,1,1,
1651038856608,3,2,
1651038916953,3,3,
1651038976483,0,1,
1651039036776,1,2,
1651039096180,1,2,
1651039156652,2,3,
1651039217921,1,3,
1651039276330,1,3,
1651039336744,6,5,
1651039396070,0,0,
1651039456543,0,0,
1651039516909,0,0,
1651039576323,0,0,
1651039636870,0,0,
1651039696297,1,1,
1651039756688,1,1,
1651039817015,5,3,
1651039876510,5,3,
1651039936899,3,3,
1651039996218,3,3,
1651040056605,3,2,
1651040116977,0,0,
1651040176436,0,0,
1651040236973,0,0,
1651040296291,0,0,
1651040356602,0,0,
1651040416956,0,0,
1651040476348,0,0,
1651040536763,1,1,
1651040596126,1,1,
1651040656521,1,1,
1651040716891,0,1,
1651040776283,1,1,
1651040836869,0,1,
1651040896208,0,0,
1651040956683,0,1,
1651041017141,0,1,
1651041076527,0,0,
1651041136891,0,0,
1651041196393,0,0,
1651041256938,2,2,
1651041316193,0,0,
1651041376744,0,0,
1651041436159,0,0,
1651041496681,0,0,
1651041556997,1,1,
1651041616447,0,0,
1651041676782,0,0,
1651041736251,1,1,
1651041796673,0,0,
1651041857123,2,2,
1651041916503,0,1,
1651041977015,0,1,
1651042036412,0,0,
1651042096734,0,0,
1651042156046,0,0,
1651042216429,0,0,
1651042276817,0,0,
1651042336221,0,0,
1651042396617,4,5,
1651042456973,6,5,
1651042516381,0,2,
1651042576917,0,0,
1651042636257,0,1,
1651042696761,2,3,
1651042756159,3,3,
1651042817475,1,3,
1651042876907,4,5,
1651042936262,0,3,
1651042996559,0,1,
1651043056901,1,2,
1651043116393,0,2,
1651043177029,2,4,
1651043236336,3,3,
1651043296889,1,3,
1651043356242,2,3,
1651043416571,2,4,
1651043476895,4,4,
1651043536372,1,3,
1651043596836,2,2,
1651043656203,2,2,
1651043716510,1,2,
1651043776886,3,2,
1651043836503,2,2,
1651043897010,2,2,
1651043956575,3,4,
1651044016950,2,3,
1651044076527,2,3,
1651044136883,1,3,
1651044196557,2,6,
1651044256945,1,2,
1651044316450,1,2,
1651044376924,0,2,
1651044436340,1,2,
1651044496871,1,2,
1651044556280,1,2,
1651044616684,7,6,
1651044676118,5,6,
1651044736645,4,4,
1651044796056,8,6,
1651044856632,1,1,
1651044916991,1,1,
1651044976390,0,1,
1651045036748,1,2,
1651045096140,2,2,
1651045156651,1,1,
1651045216103,1,1,
1651045276386,2,2,
1651045336784,3,2,
1651045396156,2,2,
1651045456584,3,4,
1651045516911,1,2,
1651045576360,2,1,
1651045636691,1,1,
1651045696099,1,1,
1651045756566,1,1,
1651045817091,1,1,
1651045876431,2,2,
1651045936978,3,3,
1651045996377,0,0,
1651046056863,0,0,
1651046116366,0,0,
1651046176725,0,0,
1651046236182,0,0,
1651046296460,0,0,
1651046357074,0,0,
1651046417362,0,0,
1651046476807,0,0,
1651046536282,2,2,
1651046596717,1,1,
1651046656015,2,2,
1651046716313,3,2,
1651046776699,4,2,
1651046836132,4,3,
1651046896576,4,4,
1651046957179,4,5,
1651047082100,5,-1,
1651047082242,5,-1,
1651047082370,6,-1,
1651047082462,6,-1,
1651047137191,6,5,
1651047196561,9,6,
1651047256970,0,0,
1651047316388,0,0,
1651047376871,0,0,
1651047501907,0,-1,
1651047502107,0,-1,
1651047502156,2,-1,
1651047502388,2,-1,
1651047556754,1,1,
1651047616117,1,1,
1651047676608,1,1,
1651047736990,1,1,
1651047796433,1,1,
1651047856889,4,4,
1651047916306,0,0,
1651047976669,1,1,
1651048036111,0,1,
1651048096512,0,1,
1651048156851,2,3,
1651048216262,1,3,
1651048276649,1,3,
1651048336975,1,3,
1651048396328,0,3,
1651048456825,4,4,
1651048516152,3,4,
1651048576665,0,0,
1651048636084,0,1,
1651048696539,0,0,
1651048756999,6,3,
1651048816498,3,3,
1651048876796,2,3,
1651048936399,2,4,
1651048996791,8,9,
1651049056217,0,0,
1651049116796,2,3,
1651049176361,1,1,
1651049236776,4,3,
1651049296144,3,4,
1651049356631,3,4,
